<?xml version="1.0" encoding="UTF-8"?>
<scenario name="demo.xml">


<scene name="scene1">
<right axisInitdx="390" axisInitdy="300" propChoice="4" armWay="out" ratio="0" nbloops="2" armAngle="0" propAngle="0" speed="100" armLength="100" propLength="50" color_handPath="0x00ff00" color_propPath="0xffcc00" handPathView="false" shadow="false" comet="false" showAxis="true" cleaning="true" />
<left axisInitdx="410" axisInitdy="300" propChoice="4" armWay="in" ratio="0" nbloops="2" armAngle="0" propAngle="0" speed="100" armLength="100" propLength="50" color_handPath="0x00ff00" color_propPath="0xffcc00" handPathView="false" shadow="false" comet="false" showAxis="true" cleaning="true" />
</scene>

<scene name="scene2">
<right ratio="-2" nbloops="2"/>
<left ratio="-2" nbloops="2"/>
</scene>

<scene name="scene3">
<right ratio="-2" axisInitdx="400" nbloops="2"/>
<left ratio="0" axisInitdx="400" nbloops="2"/>
</scene>

<scene name="scene4">
<right ratio="0" nbloops="2"/>
<left ratio="-2" nbloops="2"/>
</scene>

<scene name="scene5">
<right ratio="0" axisInitdx="360" nbloops="2"/>
<left ratio="0" axisInitdx="440" armWay="out" nbloops="2"/>
</scene>

<scene name="scene6">
<right ratio="-2" nbloops="2"/>
<left ratio="-2" nbloops="2"/>
</scene>

<scene name="scene7">
<right ratio="-2" nbloops="2"/>
<left ratio="0" nbloops="2"/>
</scene>

<scene name="scene8">
<right ratio="0" nbloops="2"/>
<left ratio="-2" nbloops="2"/>
</scene>

<scene name="scene9">
<right ratio="0" axisInitdx="390" propAngle="180"  nbloops="2"/>
<left ratio="0" axisInitdx="410" propAngle="180" armWay="in" nbloops="2"/>
</scene>

<scene name="scene10">
<right ratio="-2" nbloops="2"/>
<left ratio="-2" nbloops="2"/>
</scene>

<scene name="scene11">
<right ratio="-2" axisInitdx="400" nbloops="2"/>
<left ratio="0" axisInitdx="400" nbloops="2"/>
</scene>

<scene name="scene12">
<right ratio="0" nbloops="2"/>
<left ratio="-2" nbloops="2"/>
</scene>

<scene name="scene13">
<right ratio="0" axisInitdx="390" nbloops="2"/>
<left ratio="0" axisInitdx="410" armWay="out" nbloops="2"/>
</scene>

<scene name="scene14">
<right ratio="-2" nbloops="2"/>
<left ratio="-2" nbloops="2"/>
</scene>

<scene name="scene15">
<right ratio="-2" nbloops="2"/>
<left ratio="0" nbloops="2"/>
</scene>

<scene name="scene16">
<right ratio="0" nbloops="2"/>
<left ratio="-2" nbloops="2"/>
</scene>

<scene name="scene17">
<right ratio="0" axisInitdx="400" propAngle="0"  nbloops="2"/>
<left ratio="0" axisInitdx="400" armWay="in" nbloops="2"/>
</scene>

<scene name="scene18">
<right ratio="-2" nbloops="2"/>
<left ratio="-2" nbloops="2"/>
</scene>

<scene name="scene19">
<right ratio="0" nbloops="2"/>
<left ratio="-2" propAngle="180" nbloops="2"/>
</scene>

<scene name="scene20">
<right ratio="-2" nbloops="2"/>
<left ratio="0" nbloops="2"/>
</scene>

<scene name="scene21">
<right ratio="0" nbloops="2"/>
<left ratio="0" armWay="out" nbloops="2"/>
</scene>

<scene name="scene22">
<right ratio="-2" nbloops="2"/>
<left ratio="-2" nbloops="2"/>
</scene>

<scene name="scene23">
<right ratio="0" nbloops="2"/>
<left ratio="-2" nbloops="2"/>
</scene>

<scene name="scene24">
<right ratio="-2" nbloops="2"/>
<left ratio="0" nbloops="2"/>
</scene>

<scene name="scene25">
<right ratio="0" armAngle="180" armWay="in" nbloops="2"/>
<left ratio="0" propAngle="0" armWay="in" nbloops="2"/>
</scene>

<scene name="scene26">
<right ratio="-2" nbloops="2"/>
<left ratio="-2" nbloops="2"/>
</scene>

<scene name="scene27">
<right ratio="0" nbloops="2"/>
<left ratio="-2" nbloops="2"/>
</scene>

<scene name="scene28">
<right ratio="-2" nbloops="2"/>
<left ratio="0" nbloops="2"/>
</scene>

<scene name="scene29">
<right ratio="0" nbloops="2"/>
<left ratio="0" armWay="out" nbloops="2"/>
</scene>

<scene name="scene30">
<right ratio="-2" nbloops="2"/>
<left ratio="-2" nbloops="2"/>
</scene>

<scene name="scene31">
<right ratio="0" nbloops="2"/>
<left ratio="-2" nbloops="2"/>
</scene>

<scene name="scene32">
<right ratio="-2" nbloops="2"/>
<left ratio="0" nbloops="2"/>
</scene>

<scene name="scene33">
<right ratio="0" propAngle="180" nbloops="2"/>
<left ratio="0" propAngle="180" armWay="in" nbloops="2"/>
</scene>

<scene name="scene34">
<right ratio="-2" nbloops="2"/>
<left ratio="-2" nbloops="2"/>
</scene>

<scene name="scene35">
<right ratio="0" nbloops="2"/>
<left ratio="-2" nbloops="2"/>
</scene>

<scene name="scene36">
<right ratio="-2" nbloops="2"/>
<left ratio="0" nbloops="2"/>
</scene>

<scene name="scene37">
<right ratio="0" armWay="in" nbloops="2"/>
<left ratio="0" armWay="out" nbloops="2"/>
</scene>

<scene name="scene38">
<right ratio="-2" nbloops="2"/>
<left ratio="-2" nbloops="2"/>
</scene>

<scene name="scene39">
<right ratio="0" nbloops="2"/>
<left ratio="-2" nbloops="2"/>
</scene>

<scene name="scene40">
<right ratio="-2" nbloops="2"/>
<left ratio="0" nbloops="2"/>
</scene>

<scene name="scene41">
<right ratio="0" propAngle="0" armWay="in" nbloops="2"/>
<left ratio="0"  armWay="in" nbloops="2"/>
</scene>

<scene name="scene42">
<right ratio="-2" nbloops="2"/>
<left ratio="-2" nbloops="2"/>
</scene>

<scene name="scene43">
<right ratio="0" nbloops="2"/>
<left ratio="-2" nbloops="2"/>
</scene>

<scene name="scene44">
<right ratio="-2" nbloops="2"/>
<left ratio="0" nbloops="2"/>
</scene>

<scene name="scene45">
<right ratio="0" nbloops="2"/>
<left ratio="0" armWay="out" nbloops="2"/>
</scene>

<scene name="scene46">
<right ratio="-2" nbloops="2"/>
<left ratio="-2" nbloops="2"/>
</scene>

<scene name="scene47">
<right ratio="0" nbloops="2"/>
<left ratio="-2" nbloops="2"/>
</scene>

<scene name="scene48">
<right ratio="-2" nbloops="2"/>
<left ratio="0" nbloops="2"/>
</scene>

</scenario>

